api_name,base_url,path,method,key_parameters,returns,historical_data_available,role,notes
HKO Weather Information API - 9-day forecast,https://data.weather.gov.hk/weatherAPI/opendata,weather.php,GET,"dataType=fnd, lang=en","generalSituation + weatherForecast[] (forecastDate YYYYMMDD, forecastWeather, forecastMaxtemp{value,unit}, forecastMintemp{value,unit}, forecastMaxrh, forecastMinrh, forecastWind, ForecastIcon, PSR, week)",Current only - no official issueDate field; archive via own snapshots,Task 1 forecast input,"Temperatures/humidity are nested {value, unit} objects. Store every snapshot raw; issue_date_proxy = collection date"
HKO Weather Information API - current weather report,https://data.weather.gov.hk/weatherAPI/opendata,weather.php,GET,"dataType=rhrread, lang=en","rainfall.data[] (place, max, unit, main), temperature.data[] (place, value, unit), humidity, uvindex, rainfallFrom00To12, mintempFrom00To09, warningMessage, tcmessage",Current only,Live monitoring / sanity checks,"Not the main historical observation source; rainfall field is district-level max, not station rainfall"
HKO Weather Information API - warning summary,https://data.weather.gov.hk/weatherAPI/opendata,weather.php,GET,"dataType=warnsum, lang=en","dict of active warnings keyed by warning code (WRAIN, WFIRE, WHOT, WCOLD, WTCSGNL, WTS) with name, code, type, actionCode, issueTime, updateTime, expireTime",Current only,Live warning detection,"Returns {} when no warnings are active - this is normal, not an error"
HKO Weather Information API - warning information,https://data.weather.gov.hk/weatherAPI/opendata,weather.php,GET,"dataType=warningInfo, lang=en","details[] with warningStatementCode, subtype (WRAINA/WRAINR/WRAINB), updateTime, contents[]",Current only,Warning text / subtype verification,"Returns {} when no warnings are active"
HKO Warning Database - rainstorm warnings,https://www.hko.gov.hk/dps/wxinfo/climat/warndb/rstorm.dat,warndb3.shtml,GET,none (full history in one file),"Tab-delimited records: color(A/R/B), issue year/month/day/hour/minute, cancel year/month/day/hour/minute, duration hours/minutes",Yes - 1998 to present; filtered to 2020-2026 in processing,Task 3(b) official warning issue/cancel labels,"No API - scraped from the warning database page warndb3.shtml. Hour 24 means next-day 00:00. Escalations chain (next issue == previous cancel). Raw .dat is stored then parsed to processed/hko_rainstorm_warning_history.csv"
HKO AWS hourly rainfall,https://data.weather.gov.hk/weatherAPI/opendata,hourlyRainfall.php,GET,"lang=en","obsTime (ISO 8601 +08:00) + hourlyRainfall[] (automaticWeatherStation, automaticWeatherStationID, value, unit)",Latest/past-hour only - date parameter is ignored,Task 3(a) rainfall labels,"value may be 'M' (maintenance) - keep as missing, never convert to 0; rainfall is for the 1-hour period ending at obsTime; provisional data with limited validation"
HKO Open Data API - daily mean temperature,https://data.weather.gov.hk/weatherAPI/opendata,opendata.php,GET,"dataType=CLMTEMP, station, year, month(optional), rformat=json|csv, lang=en","json: type[titles], fields, data[[year, month, day, value, completeness]]",Long historical series (station-dependent year ranges),Task 1 temperature ground truth,"Each station has a different available year range; completeness column: C = complete, # = incomplete"
HKO Open Data API - daily maximum temperature,https://data.weather.gov.hk/weatherAPI/opendata,opendata.php,GET,"dataType=CLMMAXT, station, year, rformat, lang=en","same structure as CLMTEMP",Long historical series,Task 1 temperature ground truth,"KP available 1992+, TKL 1988+, NGP 2003+, HKA 1997+, HKO 1884+ (excl. 1940-1946)"
HKO Open Data API - daily minimum temperature,https://data.weather.gov.hk/weatherAPI/opendata,opendata.php,GET,"dataType=CLMMINT, station, year, rformat, lang=en","same structure as CLMTEMP",Long historical series,Task 1 temperature ground truth,"Same station year ranges as CLMMAXT"
HKO Open Data API - daily weather and radiation level report,https://data.weather.gov.hk/weatherAPI/opendata,opendata.php,GET,"dataType=RYES, date=YYYY-MM-DD (required), rformat=json, lang=en","Flat JSON: per-location <Name>MaxTemp/<Name>MinTemp/<Name>Microsieverts, HKOReadings* (rainfall, RH, grass temp), KingsParkReadings* (sunshine, UV), BulletinDate, BulletinTime, ReportTimeInfoDate",From around 2019-09-10; available after 01:30 HKT next day,Daily rainfall/temperature fallback,"date parameter is required; without it the API returns an HTML error page"
HKU CoWIN - bulk yearly data,https://cowin.hku.hk/public/data,{YEAR}.zip,GET,"year (in URL); zip contains 60rf.csv (hourly rainfall), temp.csv, rh.csv, ws.csv, wd.csv, uv.csv, sol.csv, slp.csv, maxt, mint, available.csv, remark.txt, disclaimer.txt","CSV: obstime (local standard time), station_id, value, qcscore; available.csv lists stations + lat/lon + monthly coverage",Yes - yearly zips 2010-2025,Task 3(a) historical hourly rainfall rescue,"Community/school QC network (Lam et al. 2021), NOT HKO AWS. SSL cert chain not verifiable in Python -> requests verify=False used. Bulk page: /english/downloadbulk.html. 2020-2025 downloaded; 2026 not yet published"
CEDD GEO raingauge daily rainfall,https://www.ginfo.cedd.gov.hk/geoopendata/Data/RG,{YEAR}.csv,GET,year (in URL),"CSV: Date(YYYYMMDD), Raingauge_No, Location, Easting, Northing, Rainfall (mm; *** = missing, # = incomplete)",Yes - yearly daily CSVs (2019-present),Task 3(a) daily rainfall - dense gauge network,"Government landslide-warning raingauge network (~90 gauges) as DAILY totals (NOT hourly). SSL cert chain not verifiable in Python -> verify=False. Page: geoopendata/eng/Raingauge.aspx"
HKO Climatological Information Services (CIS) - daily CSV,https://www.hko.gov.hk,cis/csvfile/{STATION}/{YEAR}/daily_{STATION}_RF_{YEAR}.csv,GET,"station, year (in URL path)","CSV daily total rainfall per station (BOM + 2 title rows + header + year,month,day,value,completeness)",From station record start (HKO 1884+); collected 2020-2026,Task 3(a) daily rainfall fallback,"Discovered via the CIS Daily Data Download page. Element codes: RF=rainfall, TEMP/MAXT/MINT=temperature, RH, SUN, GSR. Returns 404 for stations without a daily climate record (NGP, HKS, STY, KTG, SE1)"
Open-Meteo Historical Forecast API,https://historical-forecast-api.open-meteo.com,v1/forecast,GET,"latitude, longitude, start_date, end_date, hourly, daily, timezone=Asia/Hong_Kong, models(optional)","hourly/daily arrays with time + variables and *_units dicts",From 2020 (verified) onward,Independent forecast cross-check only,"Does not expose HKO issue/run time; set issue_time_known=FALSE. Never use as official ground truth"
Open-Meteo Historical Weather API,https://archive-api.open-meteo.com,v1/archive,GET,"latitude, longitude, start_date, end_date, hourly, daily, timezone=Asia/Hong_Kong","hourly/daily arrays with time + variables and *_units dicts",Long historical archive,Supplementary gridded weather only,"Reanalysis, not station observations; not the same as HKO ground truth"
data.gov.hk - Network of Weather Stations,https://data.gov.hk/en-data/dataset/hk-hko-rss-network-of-weather-stations-in-hong-kong,CKAN API + CSDI geoportal,GET,"id=hk-hko-rss-network-of-weather-stations-in-hong-kong","Station coordinates (latitude/longitude/elevation) via CSDI geoportal datasetId hko_rcd_1634995599372_15888",Current network,Station coordinate verification,"Use to replace approximate coordinates in meta/stations.csv (set coordinates_verified=TRUE)"
data.gov.hk - 9-day weather forecast dataset,https://data.gov.hk/en-data/dataset/hk-hko-rss-9-day-weather-forecast,dataset page,GET,n/a,"Live RSS feed SeveralDaysWeatherForecast_v2.xml (+ the fnd API)",Live feed + historical archive (see next row),Task 1 forecast input,"The live RSS is archived by data.gov.hk - use the Historical Archive API row below for history"
data.gov.hk Historical Archive API,https://api.data.gov.hk/v1/historical-archive,list-files | list-file-versions | get-file,GET,"list-file-versions: url, start, end (end <= yesterday); get-file: url, time (e.g. 20230101-0201)","JSON timestamp lists; get-file returns the archived file (the 9-day forecast RSS XML, ~4 snapshots/day)",Yes - from at least 2023-01 (verified 2026-10-07),Task 1 historical 9-day forecasts with REAL issue times,"Resource: https://rss.weather.gov.hk/rss/SeveralDaysWeatherForecast_v2.xml. list-files caps the range (>~1yr -> 504); list-file-versions pages by month. Used by collect_data_gov_hk_history.py (9-day forecast RSS -> hko_fnd_archive) and collect_data_gov_hk_rhrread.py (Current Weather Report RSS https://rss.weather.gov.hk/rss/CurrentWeather.xml -> hko_rhrread_archive)"
