station_id,station_name,region,temperature_station_code,rainfall_station_id,latitude,longitude,station_type,selected_for_task1,selected_for_task3,selected,coordinates_verified,notes
RF028,The Peak,Hong Kong Island,VP1,RF028,22.2783,114.1406,AWS,TRUE,TRUE,TRUE,FALSE,"Core station; AWS rainfall ID verified against live hourlyRainfall API 2026-10-06; coordinates approximate - verify against data.gov.hk dataset hk-hko-rss-network-of-weather-stations-in-hong-kong before serious Open-Meteo use"
RF024,King's Park,Kowloon,KP,RF024,22.3122,114.1720,AWS,TRUE,TRUE,TRUE,FALSE,"Core station; AWS rainfall ID verified against live hourlyRainfall API 2026-10-06; coordinates approximate - verify against data.gov.hk dataset hk-hko-rss-network-of-weather-stations-in-hong-kong"
RF015,Ta Kwu Ling,New Territories,TKL,RF015,22.5033,114.1633,AWS,TRUE,TRUE,TRUE,FALSE,"Core station; AWS rainfall ID verified against live hourlyRainfall API 2026-10-06; coordinates approximate - verify against data.gov.hk dataset hk-hko-rss-network-of-weather-stations-in-hong-kong"
RF013,Ngong Ping,Lantau,NGP,RF013,22.2467,113.9133,AWS,TRUE,TRUE,TRUE,FALSE,"Core station; AWS rainfall ID verified against live hourlyRainfall API 2026-10-06; coordinates approximate - verify against data.gov.hk dataset hk-hko-rss-network-of-weather-stations-in-hong-kong"
H24,Wong Chuk Hang,Hong Kong Island,HKS,H24,22.2467,114.1583,AWS,FALSE,TRUE,TRUE,FALSE,"Backup station; AWS rainfall ID verified against live hourlyRainfall API 2026-10-06; coordinates approximate"
RF027,Happy Valley,Hong Kong Island,HPV,RF027,22.2667,114.1833,AWS,FALSE,TRUE,TRUE,FALSE,"Backup station; AWS rainfall ID verified against live hourlyRainfall API 2026-10-06; coordinates approximate"
H15,Stanley,Hong Kong Island,STY,H15,22.2167,114.2167,AWS,FALSE,TRUE,TRUE,FALSE,"Backup station; AWS rainfall ID verified against live hourlyRainfall API 2026-10-06; coordinates approximate"
RF022,Sham Shui Po,Kowloon,SSP,RF022,22.3333,114.1500,AWS,FALSE,TRUE,TRUE,FALSE,"Backup station; AWS rainfall ID verified against live hourlyRainfall API 2026-10-06; coordinates approximate"
K03,Kwun Tong,Kowloon,KTG,K03,22.3083,114.2233,AWS,FALSE,TRUE,TRUE,FALSE,"Backup station; AWS rainfall ID verified against live hourlyRainfall API 2026-10-06; coordinates approximate"
RF025,Kai Tak,Kowloon,SE1,RF025,22.3267,114.2033,AWS,FALSE,TRUE,TRUE,FALSE,"Backup station; AWS rainfall ID verified against live hourlyRainfall API 2026-10-06; coordinates approximate"
RF020,Sha Tin,New Territories,SHA,RF020,22.3833,114.1833,AWS,FALSE,TRUE,TRUE,FALSE,"Backup station; AWS rainfall ID verified against live hourlyRainfall API 2026-10-06; coordinates approximate"
RF001,Lau Fau Shan,New Territories,LFS,RF001,22.4667,114.0167,AWS,FALSE,TRUE,TRUE,FALSE,"Backup station; AWS rainfall ID verified against live hourlyRainfall API 2026-10-06; coordinates approximate"
RF004,Tai Mei Tuk,New Territories,PLC,RF004,22.4667,114.2000,AWS,FALSE,TRUE,TRUE,FALSE,"Backup station; AWS rainfall ID verified against live hourlyRainfall API 2026-10-06; coordinates approximate"
RF014,Hong Kong International Airport,Lantau,HKA,RF014,22.3067,113.9133,AWS,FALSE,TRUE,TRUE,FALSE,"Backup station; AWS rainfall ID verified against live hourlyRainfall API 2026-10-06; coordinates approximate"
