station_name,region,temperature_station_code,rainfall_station_id,aws_id_verified_against_live_api,notes
The Peak,Hong Kong Island,VP1,RF028,TRUE,"Temperature code VP1 and rainfall ID RF028 refer to the same station; rainfall ID verified 2026-10-06"
King's Park,Kowloon,KP,RF024,TRUE,"Temperature code KP and rainfall ID RF024 refer to the same station; rainfall ID verified 2026-10-06"
Ta Kwu Ling,New Territories,TKL,RF015,TRUE,"Temperature code TKL and rainfall ID RF015 refer to the same station; rainfall ID verified 2026-10-06"
Ngong Ping,Lantau,NGP,RF013,TRUE,"Temperature code NGP and rainfall ID RF013 refer to the same station; rainfall ID verified 2026-10-06"
Wong Chuk Hang,Hong Kong Island,HKS,H24,TRUE,"Temperature code HKS and rainfall ID H24 refer to the same station; rainfall ID verified 2026-10-06"
Happy Valley,Hong Kong Island,HPV,RF027,TRUE,"Temperature code HPV and rainfall ID RF027 refer to the same station; rainfall ID verified 2026-10-06"
Stanley,Hong Kong Island,STY,H15,TRUE,"Temperature code STY and rainfall ID H15 refer to the same station; rainfall ID verified 2026-10-06"
Sham Shui Po,Kowloon,SSP,RF022,TRUE,"Temperature code SSP and rainfall ID RF022 refer to the same station; rainfall ID verified 2026-10-06"
Kwun Tong,Kowloon,KTG,K03,TRUE,"Temperature code KTG and rainfall ID K03 refer to the same station; rainfall ID verified 2026-10-06"
Kai Tak,Kowloon,SE1,RF025,TRUE,"Temperature code SE1 and rainfall ID RF025 refer to the same station; rainfall ID verified 2026-10-06"
Sha Tin,New Territories,SHA,RF020,TRUE,"Temperature code SHA and rainfall ID RF020 refer to the same station; rainfall ID verified 2026-10-06"
Lau Fau Shan,New Territories,LFS,RF001,TRUE,"Temperature code LFS and rainfall ID RF001 refer to the same station; rainfall ID verified 2026-10-06"
Tai Mei Tuk,New Territories,PLC,RF004,TRUE,"Temperature code PLC and rainfall ID RF004 refer to the same station; rainfall ID verified 2026-10-06"
Hong Kong International Airport,Lantau,HKA,RF014,TRUE,"Temperature code HKA and rainfall ID RF014 refer to the same station; rainfall ID verified 2026-10-06"
